{
    "root_group": {
        "name": "",
        "path": "",
        "id": "d41d8cd98f00b204e9800998ecf8427e",
        "groups": {},
        "checks": {
                "is status 202": {
                    "name": "is status 202",
                    "path": "::is status 202",
                    "id": "80df8059d70641fa85d7319478752c47",
                    "passes": 1200,
                    "fails": 0
                }
            }
    },
    "metrics": {
        "checks": {
            "fails": 0,
            "passes": 1200,
            "value": 1
        },
        "http_reqs": {
            "count": 1200,
            "rate": 19.921013844141772
        },
        "http_req_waiting": {
            "p(95)": 291.50735000000003,
            "avg": 244.95147999999986,
            "min": 202.109,
            "med": 210.4745,
            "max": 328.204,
            "p(90)": 290.61469999999997
        },
        "http_req_failed": {
            "passes": 0,
            "fails": 1200,
            "thresholds": {
                "rate<0.01": false
            },
            "value": 0
        },
        "http_req_blocked": {
            "avg": 20.587127500000115,
            "min": 0,
            "med": 0.001,
            "max": 584.578,
            "p(90)": 0.001,
            "p(95)": 0.002
        },
        "http_req_connecting": {
            "med": 0,
            "max": 290.477,
            "p(90)": 0,
            "p(95)": 0,
            "avg": 10.159582499999999,
            "min": 0
        },
        "iteration_duration": {
            "p(95)": 293.91634104999997,
            "avg": 266.10140400083293,
            "min": 202.377834,
            "med": 211.421334,
            "max": 878.700375,
            "p(90)": 291.9525872
        },
        "http_req_tls_handshaking": {
            "med": 0,
            "max": 295.189,
            "p(90)": 0,
            "p(95)": 0,
            "avg": 10.365799166666667,
            "min": 0
        },
        "data_sent": {
            "count": 294050,
            "rate": 4881.47843405824
        },
        "http_req_duration{expected_response:true}": {
            "p(95)": 291.89965,
            "avg": 245.26810999999998,
            "min": 202.243,
            "med": 210.805,
            "max": 328.481,
            "p(90)": 290.93289999999996
        },
        "iterations": {
            "count": 1200,
            "rate": 19.921013844141772
        },
        "vus_max": {
            "value": 50,
            "min": 50,
            "max": 50
        },
        "data_received": {
            "count": 696529,
            "rate": 11562.96987653852
        },
        "http_req_receiving": {
            "p(90)": 0.09710000000000003,
            "p(95)": 0.117,
            "avg": 0.06292666666666683,
            "min": 0.016,
            "med": 0.058,
            "max": 0.36
        },
        "http_req_duration": {
            "avg": 245.26810999999998,
            "min": 202.243,
            "med": 210.805,
            "max": 328.481,
            "p(90)": 290.93289999999996,
            "p(95)": 291.89965,
            "thresholds": {
                "p(95)<600": false,
                "avg<300": false
            }
        },
        "vus": {
            "max": 15,
            "value": 5,
            "min": 4
        },
        "http_req_sending": {
            "avg": 0.25370333333333317,
            "min": 0.045,
            "med": 0.248,
            "max": 2.657,
            "p(90)": 0.4081,
            "p(95)": 0.45104999999999995
        }
    }
}